fact_id,category,priority,alias_index,question,canonical_question,answer,answer_hash,source_rows
org_address,address,100,1,中科生创集团总部地址是什么？,中科生创集团总部地址是什么？,中科生创集团总部地址为福建省福州市鼓楼区水部街道五一中路18号正大广场1#楼1层、2层。,589b7b45fea9,161-180;221-240;961-980
org_address,address,100,2,中科生创集团在哪里？,中科生创集团总部地址是什么？,中科生创集团总部地址为福建省福州市鼓楼区水部街道五一中路18号正大广场1#楼1层、2层。,589b7b45fea9,161-180;221-240;961-980
org_address,address,100,3,中科生创集团在什么地方？,中科生创集团总部地址是什么？,中科生创集团总部地址为福建省福州市鼓楼区水部街道五一中路18号正大广场1#楼1层、2层。,589b7b45fea9,161-180;221-240;961-980
org_address,address,100,4,中科生创集团的地址在哪里？,中科生创集团总部地址是什么？,中科生创集团总部地址为福建省福州市鼓楼区水部街道五一中路18号正大广场1#楼1层、2层。,589b7b45fea9,161-180;221-240;961-980
org_address,address,100,5,中科生创集团总部在哪里？,中科生创集团总部地址是什么？,中科生创集团总部地址为福建省福州市鼓楼区水部街道五一中路18号正大广场1#楼1层、2层。,589b7b45fea9,161-180;221-240;961-980
org_address,address,100,6,中科生创公司的地址是什么？,中科生创集团总部地址是什么？,中科生创集团总部地址为福建省福州市鼓楼区水部街道五一中路18号正大广场1#楼1层、2层。,589b7b45fea9,161-180;221-240;961-980
org_address,address,100,7,中科生创集团办公地址是什么？,中科生创集团总部地址是什么？,中科生创集团总部地址为福建省福州市鼓楼区水部街道五一中路18号正大广场1#楼1层、2层。,589b7b45fea9,161-180;221-240;961-980
org_address,address,100,8,中科生创集团位于什么地址？,中科生创集团总部地址是什么？,中科生创集团总部地址为福建省福州市鼓楼区水部街道五一中路18号正大广场1#楼1层、2层。,589b7b45fea9,161-180;221-240;961-980
org_address,address,100,9,中科生创集团坐落在哪里？,中科生创集团总部地址是什么？,中科生创集团总部地址为福建省福州市鼓楼区水部街道五一中路18号正大广场1#楼1层、2层。,589b7b45fea9,161-180;221-240;961-980
org_address,address,100,10,中科生创集团所在地是哪里？,中科生创集团总部地址是什么？,中科生创集团总部地址为福建省福州市鼓楼区水部街道五一中路18号正大广场1#楼1层、2层。,589b7b45fea9,161-180;221-240;961-980
org_address,address,100,11,中科生创集团的总部位于哪里？,中科生创集团总部地址是什么？,中科生创集团总部地址为福建省福州市鼓楼区水部街道五一中路18号正大广场1#楼1层、2层。,589b7b45fea9,161-180;221-240;961-980
org_address,address,100,12,请问中科生创集团总部在哪里？,中科生创集团总部地址是什么？,中科生创集团总部地址为福建省福州市鼓楼区水部街道五一中路18号正大广场1#楼1层、2层。,589b7b45fea9,161-180;221-240;961-980
phone,phone,100,1,中科生创集团联系电话是多少？,中科生创集团联系电话是多少？,中科生创集团联系电话为0591-87699999。,9ee216f5d5f4,241-260;981-1000
phone,phone,100,2,中科生创集团电话是多少？,中科生创集团联系电话是多少？,中科生创集团联系电话为0591-87699999。,9ee216f5d5f4,241-260;981-1000
phone,phone,100,3,中科生创集团的公司电话是多少？,中科生创集团联系电话是多少？,中科生创集团联系电话为0591-87699999。,9ee216f5d5f4,241-260;981-1000
phone,phone,100,4,怎么电话联系中科生创集团？,中科生创集团联系电话是多少？,中科生创集团联系电话为0591-87699999。,9ee216f5d5f4,241-260;981-1000
phone,phone,100,5,中科生创公司联系电话是多少？,中科生创集团联系电话是多少？,中科生创集团联系电话为0591-87699999。,9ee216f5d5f4,241-260;981-1000
phone,phone,100,6,中科生创公司的电话号码是什么？,中科生创集团联系电话是多少？,中科生创集团联系电话为0591-87699999。,9ee216f5d5f4,241-260;981-1000
phone,phone,100,7,请问中科生创公司的联系电话是多少？,中科生创集团联系电话是多少？,中科生创集团联系电话为0591-87699999。,9ee216f5d5f4,241-260;981-1000
phone,phone,100,8,能告诉我中科生创公司的联系电话吗？,中科生创集团联系电话是多少？,中科生创集团联系电话为0591-87699999。,9ee216f5d5f4,241-260;981-1000
phone,phone,100,9,中科生创公司的电话是多少？,中科生创集团联系电话是多少？,中科生创集团联系电话为0591-87699999。,9ee216f5d5f4,241-260;981-1000
phone,phone,100,10,中科生创公司联系电话是？,中科生创集团联系电话是多少？,中科生创集团联系电话为0591-87699999。,9ee216f5d5f4,241-260;981-1000
phone,phone,100,11,请问中科生创公司的电话是多少？,中科生创集团联系电话是多少？,中科生创集团联系电话为0591-87699999。,9ee216f5d5f4,241-260;981-1000
phone,phone,100,12,中科生创公司的联系方式（电话）是什么？,中科生创集团联系电话是多少？,中科生创集团联系电话为0591-87699999。,9ee216f5d5f4,241-260;981-1000
scientist_count,personnel_count,95,1,中科生创集团有几位科学家？,中科生创集团有几位科学家？,中科生创集团总共有九位科学家。,ecc99254e981,281-300;1061-1080
scientist_count,personnel_count,95,2,中科生创集团总共有多少位科学家？,中科生创集团有几位科学家？,中科生创集团总共有九位科学家。,ecc99254e981,281-300;1061-1080
scientist_count,personnel_count,95,3,中科生创有多少位科学家？,中科生创集团有几位科学家？,中科生创集团总共有九位科学家。,ecc99254e981,281-300;1061-1080
scientist_count,personnel_count,95,4,中科生创集团科学家数量是多少？,中科生创集团有几位科学家？,中科生创集团总共有九位科学家。,ecc99254e981,281-300;1061-1080
scientist_count,personnel_count,95,5,中科生创总共有多少位科学家？,中科生创集团有几位科学家？,中科生创集团总共有九位科学家。,ecc99254e981,281-300;1061-1080
scientist_count,personnel_count,95,6,请问中科生创总共有多少位科学家？,中科生创集团有几位科学家？,中科生创集团总共有九位科学家。,ecc99254e981,281-300;1061-1080
scientist_count,personnel_count,95,7,中科生创的科学家一共有几位？,中科生创集团有几位科学家？,中科生创集团总共有九位科学家。,ecc99254e981,281-300;1061-1080
clinical_center,facility_location,90,1,中科生创集团的临床应用中心在哪里？,中科生创集团的临床应用中心在哪里？,中科生创集团的临床应用中心在福州国际医疗综合试验区与复旦大学附属华山医院福建医院（华山医院滨海院区）共建的“国家区域干细胞与再生医学临床应用试点”。,a0e6cf739642,181-200;261-280;1001-1020
clinical_center,facility_location,90,2,中科生创的临床应用试点在哪里？,中科生创集团的临床应用中心在哪里？,中科生创集团的临床应用中心在福州国际医疗综合试验区与复旦大学附属华山医院福建医院（华山医院滨海院区）共建的“国家区域干细胞与再生医学临床应用试点”。,a0e6cf739642,181-200;261-280;1001-1020
clinical_center,facility_location,90,3,中科生创集团的临床应用试点落在什么地方？,中科生创集团的临床应用中心在哪里？,中科生创集团的临床应用中心在福州国际医疗综合试验区与复旦大学附属华山医院福建医院（华山医院滨海院区）共建的“国家区域干细胞与再生医学临床应用试点”。,a0e6cf739642,181-200;261-280;1001-1020
clinical_center,facility_location,90,4,国家区域干细胞与再生医学临床应用试点在哪里？,中科生创集团的临床应用中心在哪里？,中科生创集团的临床应用中心在福州国际医疗综合试验区与复旦大学附属华山医院福建医院（华山医院滨海院区）共建的“国家区域干细胞与再生医学临床应用试点”。,a0e6cf739642,181-200;261-280;1001-1020
clinical_center,facility_location,90,5,请问中科生创集团的临床应用试点在哪里？,中科生创集团的临床应用中心在哪里？,中科生创集团的临床应用中心在福州国际医疗综合试验区与复旦大学附属华山医院福建医院（华山医院滨海院区）共建的“国家区域干细胞与再生医学临床应用试点”。,a0e6cf739642,181-200;261-280;1001-1020
clinical_center,facility_location,90,6,中科生创集团的临床应用试点设在什么地方？,中科生创集团的临床应用中心在哪里？,中科生创集团的临床应用中心在福州国际医疗综合试验区与复旦大学附属华山医院福建医院（华山医院滨海院区）共建的“国家区域干细胞与再生医学临床应用试点”。,a0e6cf739642,181-200;261-280;1001-1020
clinical_center,facility_location,90,7,中科生创集团的临床应用试点位于哪里？,中科生创集团的临床应用中心在哪里？,中科生创集团的临床应用中心在福州国际医疗综合试验区与复旦大学附属华山医院福建医院（华山医院滨海院区）共建的“国家区域干细胞与再生医学临床应用试点”。,a0e6cf739642,181-200;261-280;1001-1020
src_1,model_identity,85,1,你是什么模型？,你是什么模型？,我是中科生创小熙，是中科生创集团旗下AI智能实验室自主研发的健康医疗大规模语言模型，可提供健康科普、医疗咨询、体检报告和医学影像解读等辅助服务。,1bf289cfc513,1-40
src_1,model_identity,85,2,请问你属于什么模型？,你是什么模型？,我是中科生创小熙，是中科生创集团旗下AI智能实验室自主研发的健康医疗大规模语言模型，可提供健康科普、医疗咨询、体检报告和医学影像解读等辅助服务。,1bf289cfc513,1-40
src_1,model_identity,85,3,你是基于什么模型的？,你是什么模型？,我是中科生创小熙，是中科生创集团旗下AI智能实验室自主研发的健康医疗大规模语言模型，可提供健康科普、医疗咨询、体检报告和医学影像解读等辅助服务。,1bf289cfc513,1-40
src_1,model_identity,85,4,能告诉我你是什么模型吗？,你是什么模型？,我是中科生创小熙，是中科生创集团旗下AI智能实验室自主研发的健康医疗大规模语言模型，可提供健康科普、医疗咨询、体检报告和医学影像解读等辅助服务。,1bf289cfc513,1-40
src_101,business,75,1,中科生创集团主要做什么业务？,中科生创集团主要做什么业务？,中科生创集团联合中科院上海高等研究院、中科院深圳先进院、中科院曼谷创新合作中心、俄罗斯科学院、新加坡一带一路技术转移转化中心等科研机构、顶尖科学家和科研团队，致力于生物科技技术转移转化、商业化运营的科技创新型企业。,0ba27b74cb8e,101-120
src_101,business,75,2,中科生创集团主要致力于什么业务？,中科生创集团主要做什么业务？,中科生创集团联合中科院上海高等研究院、中科院深圳先进院、中科院曼谷创新合作中心、俄罗斯科学院、新加坡一带一路技术转移转化中心等科研机构、顶尖科学家和科研团队，致力于生物科技技术转移转化、商业化运营的科技创新型企业。,0ba27b74cb8e,101-120
src_101,business,75,3,请问中科生创集团的主要业务是什么？,中科生创集团主要做什么业务？,中科生创集团联合中科院上海高等研究院、中科院深圳先进院、中科院曼谷创新合作中心、俄罗斯科学院、新加坡一带一路技术转移转化中心等科研机构、顶尖科学家和科研团队，致力于生物科技技术转移转化、商业化运营的科技创新型企业。,0ba27b74cb8e,101-120
src_101,business,75,4,中科生创集团的核心业务是什么？,中科生创集团主要做什么业务？,中科生创集团联合中科院上海高等研究院、中科院深圳先进院、中科院曼谷创新合作中心、俄罗斯科学院、新加坡一带一路技术转移转化中心等科研机构、顶尖科学家和科研团队，致力于生物科技技术转移转化、商业化运营的科技创新型企业。,0ba27b74cb8e,101-120
src_101,business,75,5,中科生创集团主要从事什么业务？,中科生创集团主要做什么业务？,中科生创集团联合中科院上海高等研究院、中科院深圳先进院、中科院曼谷创新合作中心、俄罗斯科学院、新加坡一带一路技术转移转化中心等科研机构、顶尖科学家和科研团队，致力于生物科技技术转移转化、商业化运营的科技创新型企业。,0ba27b74cb8e,101-120
src_101,business,75,6,能介绍一下中科生创集团的业务方向吗？,中科生创集团主要做什么业务？,中科生创集团联合中科院上海高等研究院、中科院深圳先进院、中科院曼谷创新合作中心、俄罗斯科学院、新加坡一带一路技术转移转化中心等科研机构、顶尖科学家和科研团队，致力于生物科技技术转移转化、商业化运营的科技创新型企业。,0ba27b74cb8e,101-120
src_121,business,75,1,中科生创集团在医疗领域与谁合作？,中科生创集团在医疗领域与谁合作？,中科生创集团与国家区域医疗中心复旦大学华山附属医院福建医院、福州市疾控中心等合作，成立了科技技术转化运营中心、临床应用转化中心、实验室研发基地。,a2dadd36afb2,121-140
src_121,business,75,2,中科生创集团与哪些医疗相关机构有合作？,中科生创集团在医疗领域与谁合作？,中科生创集团与国家区域医疗中心复旦大学华山附属医院福建医院、福州市疾控中心等合作，成立了科技技术转化运营中心、临床应用转化中心、实验室研发基地。,a2dadd36afb2,121-140
src_121,business,75,3,请问中科生创集团与哪些医疗机构有合作关系？,中科生创集团在医疗领域与谁合作？,中科生创集团与国家区域医疗中心复旦大学华山附属医院福建医院、福州市疾控中心等合作，成立了科技技术转化运营中心、临床应用转化中心、实验室研发基地。,a2dadd36afb2,121-140
src_121,business,75,4,中科生创集团的医疗合作伙伴有哪些？,中科生创集团在医疗领域与谁合作？,中科生创集团与国家区域医疗中心复旦大学华山附属医院福建医院、福州市疾控中心等合作，成立了科技技术转化运营中心、临床应用转化中心、实验室研发基地。,a2dadd36afb2,121-140
src_121,business,75,5,中科生创集团和哪些医疗单位有合作？,中科生创集团在医疗领域与谁合作？,中科生创集团与国家区域医疗中心复旦大学华山附属医院福建医院、福州市疾控中心等合作，成立了科技技术转化运营中心、临床应用转化中心、实验室研发基地。,a2dadd36afb2,121-140
src_121,business,75,6,能介绍一下中科生创集团的医疗合作机构吗？,中科生创集团在医疗领域与谁合作？,中科生创集团与国家区域医疗中心复旦大学华山附属医院福建医院、福州市疾控中心等合作，成立了科技技术转化运营中心、临床应用转化中心、实验室研发基地。,a2dadd36afb2,121-140
src_141,business,75,1,中科生创集团的目标是什么？,中科生创集团的目标是什么？,中科生创集团全力整合医药产业链上下游资源，打造高端生物医药、医疗器械等科技创新产业生态圈，积极践行健康中国战略。,c3e0a2cf5ecc,141-160
src_141,business,75,2,中科生创集团的发展目标是什么？,中科生创集团的目标是什么？,中科生创集团全力整合医药产业链上下游资源，打造高端生物医药、医疗器械等科技创新产业生态圈，积极践行健康中国战略。,c3e0a2cf5ecc,141-160
src_141,business,75,3,请问中科生创集团的发展目标是什么？,中科生创集团的目标是什么？,中科生创集团全力整合医药产业链上下游资源，打造高端生物医药、医疗器械等科技创新产业生态圈，积极践行健康中国战略。,c3e0a2cf5ecc,141-160
src_141,business,75,4,中科生创集团未来的发展方向是什么？,中科生创集团的目标是什么？,中科生创集团全力整合医药产业链上下游资源，打造高端生物医药、医疗器械等科技创新产业生态圈，积极践行健康中国战略。,c3e0a2cf5ecc,141-160
src_141,business,75,5,能介绍一下中科生创集团的发展目标吗？,中科生创集团的目标是什么？,中科生创集团全力整合医药产业链上下游资源，打造高端生物医药、医疗器械等科技创新产业生态圈，积极践行健康中国战略。,c3e0a2cf5ecc,141-160
src_141,business,75,6,中科生创集团的发展愿景是什么？,中科生创集团的目标是什么？,中科生创集团全力整合医药产业链上下游资源，打造高端生物医药、医疗器械等科技创新产业生态圈，积极践行健康中国战略。,c3e0a2cf5ecc,141-160
src_201,business,75,1,请介绍一下中科生创集团（福建）有限公司？,请介绍一下中科生创集团（福建）有限公司？,中科生创集团（福建）有限公司成立 2021 年，系北京中库控股集团、中国科学院上海高等研究院、中国科学院深圳先进院、中国科学院曼谷创新合作中心等科学机构共同支持下创办企业。联合中科院上海高等研究院、中科院深圳先进院、中科院曼谷创新合作中心、俄罗斯科学院、新加坡一带一路技术转移转化中心等科研机构、顶尖科学家和科研团队，致力于生物科技技术转移转化、商业化运营的科技创新型企业。与国家区域医疗中心复旦大学华山附属医院福建医院、福州市疾控中心等合作，成立了科技技术转化运营中心、临床应用转化中心、实验室研发基地，全力整合医药产业链上下游资源，打造高端生物医药、医疗器械等科技创新产业生态圈，积极践行健康中国战略。集团在福建省委、省政府和各级相关部门的指导和支持下定向招商引资企业，总部在鼓楼区正大广场一层，二层，一层智慧医疗科技长廊，作为福建省的科技创新窗口，对全国及境外来宾展示；临床应用试点落在长乐滨海新区华山医院福建医院。,cb405d400cf6,201-220
src_201,business,75,2,请介绍一下中科生创集团（福建）有限公司的基本情况？,请介绍一下中科生创集团（福建）有限公司？,中科生创集团（福建）有限公司成立 2021 年，系北京中库控股集团、中国科学院上海高等研究院、中国科学院深圳先进院、中国科学院曼谷创新合作中心等科学机构共同支持下创办企业。联合中科院上海高等研究院、中科院深圳先进院、中科院曼谷创新合作中心、俄罗斯科学院、新加坡一带一路技术转移转化中心等科研机构、顶尖科学家和科研团队，致力于生物科技技术转移转化、商业化运营的科技创新型企业。与国家区域医疗中心复旦大学华山附属医院福建医院、福州市疾控中心等合作，成立了科技技术转化运营中心、临床应用转化中心、实验室研发基地，全力整合医药产业链上下游资源，打造高端生物医药、医疗器械等科技创新产业生态圈，积极践行健康中国战略。集团在福建省委、省政府和各级相关部门的指导和支持下定向招商引资企业，总部在鼓楼区正大广场一层，二层，一层智慧医疗科技长廊，作为福建省的科技创新窗口，对全国及境外来宾展示；临床应用试点落在长乐滨海新区华山医院福建医院。,cb405d400cf6,201-220
src_201,business,75,3,能介绍一下中科生创集团（福建）有限公司的情况吗？,请介绍一下中科生创集团（福建）有限公司？,中科生创集团（福建）有限公司成立 2021 年，系北京中库控股集团、中国科学院上海高等研究院、中国科学院深圳先进院、中国科学院曼谷创新合作中心等科学机构共同支持下创办企业。联合中科院上海高等研究院、中科院深圳先进院、中科院曼谷创新合作中心、俄罗斯科学院、新加坡一带一路技术转移转化中心等科研机构、顶尖科学家和科研团队，致力于生物科技技术转移转化、商业化运营的科技创新型企业。与国家区域医疗中心复旦大学华山附属医院福建医院、福州市疾控中心等合作，成立了科技技术转化运营中心、临床应用转化中心、实验室研发基地，全力整合医药产业链上下游资源，打造高端生物医药、医疗器械等科技创新产业生态圈，积极践行健康中国战略。集团在福建省委、省政府和各级相关部门的指导和支持下定向招商引资企业，总部在鼓楼区正大广场一层，二层，一层智慧医疗科技长廊，作为福建省的科技创新窗口，对全国及境外来宾展示；临床应用试点落在长乐滨海新区华山医院福建医院。,cb405d400cf6,201-220
src_201,business,75,4,请说说中科生创集团（福建）有限公司的基本情况？,请介绍一下中科生创集团（福建）有限公司？,中科生创集团（福建）有限公司成立 2021 年，系北京中库控股集团、中国科学院上海高等研究院、中国科学院深圳先进院、中国科学院曼谷创新合作中心等科学机构共同支持下创办企业。联合中科院上海高等研究院、中科院深圳先进院、中科院曼谷创新合作中心、俄罗斯科学院、新加坡一带一路技术转移转化中心等科研机构、顶尖科学家和科研团队，致力于生物科技技术转移转化、商业化运营的科技创新型企业。与国家区域医疗中心复旦大学华山附属医院福建医院、福州市疾控中心等合作，成立了科技技术转化运营中心、临床应用转化中心、实验室研发基地，全力整合医药产业链上下游资源，打造高端生物医药、医疗器械等科技创新产业生态圈，积极践行健康中国战略。集团在福建省委、省政府和各级相关部门的指导和支持下定向招商引资企业，总部在鼓楼区正大广场一层，二层，一层智慧医疗科技长廊，作为福建省的科技创新窗口，对全国及境外来宾展示；临床应用试点落在长乐滨海新区华山医院福建医院。,cb405d400cf6,201-220
src_201,business,75,5,中科生创集团（福建）有限公司的基本情况是怎样的？,请介绍一下中科生创集团（福建）有限公司？,中科生创集团（福建）有限公司成立 2021 年，系北京中库控股集团、中国科学院上海高等研究院、中国科学院深圳先进院、中国科学院曼谷创新合作中心等科学机构共同支持下创办企业。联合中科院上海高等研究院、中科院深圳先进院、中科院曼谷创新合作中心、俄罗斯科学院、新加坡一带一路技术转移转化中心等科研机构、顶尖科学家和科研团队，致力于生物科技技术转移转化、商业化运营的科技创新型企业。与国家区域医疗中心复旦大学华山附属医院福建医院、福州市疾控中心等合作，成立了科技技术转化运营中心、临床应用转化中心、实验室研发基地，全力整合医药产业链上下游资源，打造高端生物医药、医疗器械等科技创新产业生态圈，积极践行健康中国战略。集团在福建省委、省政府和各级相关部门的指导和支持下定向招商引资企业，总部在鼓楼区正大广场一层，二层，一层智慧医疗科技长廊，作为福建省的科技创新窗口，对全国及境外来宾展示；临床应用试点落在长乐滨海新区华山医院福建医院。,cb405d400cf6,201-220
src_201,business,75,6,请问能介绍一下中科生创集团（福建）有限公司吗？,请介绍一下中科生创集团（福建）有限公司？,中科生创集团（福建）有限公司成立 2021 年，系北京中库控股集团、中国科学院上海高等研究院、中国科学院深圳先进院、中国科学院曼谷创新合作中心等科学机构共同支持下创办企业。联合中科院上海高等研究院、中科院深圳先进院、中科院曼谷创新合作中心、俄罗斯科学院、新加坡一带一路技术转移转化中心等科研机构、顶尖科学家和科研团队，致力于生物科技技术转移转化、商业化运营的科技创新型企业。与国家区域医疗中心复旦大学华山附属医院福建医院、福州市疾控中心等合作，成立了科技技术转化运营中心、临床应用转化中心、实验室研发基地，全力整合医药产业链上下游资源，打造高端生物医药、医疗器械等科技创新产业生态圈，积极践行健康中国战略。集团在福建省委、省政府和各级相关部门的指导和支持下定向招商引资企业，总部在鼓楼区正大广场一层，二层，一层智慧医疗科技长廊，作为福建省的科技创新窗口，对全国及境外来宾展示；临床应用试点落在长乐滨海新区华山医院福建医院。,cb405d400cf6,201-220
src_321,business,75,1,介绍郭继彤教授？,介绍郭继彤教授？,郭继彤教授是澳大利亚蒙纳士大学高级研究员、内蒙古大学生命科学学院客座教授，中澳国际干细胞科学卓越研究中心首席技术官，也是全球青山羊克隆缔造者，长期从事胚胎学、动物生殖生物学和人胚胎干细胞研究多年。2000 年在西北农林科技大学生产出了第一批成年体细胞克隆山羊。2002 年在澳大利亚蒙纳士大学开展大鼠克隆研究，期间用囊胚注射生产了大鼠嵌合体和 2 - 细胞胚胎核交换克隆大鼠。2005 年起开展人胚胎干细胞研究，曾参与中国长沙生殖 / 干细胞工程研究所和美国 Stemgen 公司合作的人体细胞核移植起源的胚胎干细胞分离研究。2008 年开始研究动物和人羊膜干细胞的细胞治疗潜能，完成 40 多只狗的干细胞移植临床试验且疗效显著。2010 年研究胚胎干细胞、诱导多能干细胞和外胚层反转胚胎干细胞的发育全能性，分析其细胞特征、基因表达谱和四倍体补偿发育能力。2015 年至今开展脐带、羊膜和脂肪干细胞临床试验，同步开发干细胞相关再生组织和器官产品。,c3b5c0c702f0,321-340
src_321,business,75,2,请介绍一下郭继彤教授？,介绍郭继彤教授？,郭继彤教授是澳大利亚蒙纳士大学高级研究员、内蒙古大学生命科学学院客座教授，中澳国际干细胞科学卓越研究中心首席技术官，也是全球青山羊克隆缔造者，长期从事胚胎学、动物生殖生物学和人胚胎干细胞研究多年。2000 年在西北农林科技大学生产出了第一批成年体细胞克隆山羊。2002 年在澳大利亚蒙纳士大学开展大鼠克隆研究，期间用囊胚注射生产了大鼠嵌合体和 2 - 细胞胚胎核交换克隆大鼠。2005 年起开展人胚胎干细胞研究，曾参与中国长沙生殖 / 干细胞工程研究所和美国 Stemgen 公司合作的人体细胞核移植起源的胚胎干细胞分离研究。2008 年开始研究动物和人羊膜干细胞的细胞治疗潜能，完成 40 多只狗的干细胞移植临床试验且疗效显著。2010 年研究胚胎干细胞、诱导多能干细胞和外胚层反转胚胎干细胞的发育全能性，分析其细胞特征、基因表达谱和四倍体补偿发育能力。2015 年至今开展脐带、羊膜和脂肪干细胞临床试验，同步开发干细胞相关再生组织和器官产品。,c3b5c0c702f0,321-340
src_321,business,75,3,郭继彤教授是谁？请介绍一下？,介绍郭继彤教授？,郭继彤教授是澳大利亚蒙纳士大学高级研究员、内蒙古大学生命科学学院客座教授，中澳国际干细胞科学卓越研究中心首席技术官，也是全球青山羊克隆缔造者，长期从事胚胎学、动物生殖生物学和人胚胎干细胞研究多年。2000 年在西北农林科技大学生产出了第一批成年体细胞克隆山羊。2002 年在澳大利亚蒙纳士大学开展大鼠克隆研究，期间用囊胚注射生产了大鼠嵌合体和 2 - 细胞胚胎核交换克隆大鼠。2005 年起开展人胚胎干细胞研究，曾参与中国长沙生殖 / 干细胞工程研究所和美国 Stemgen 公司合作的人体细胞核移植起源的胚胎干细胞分离研究。2008 年开始研究动物和人羊膜干细胞的细胞治疗潜能，完成 40 多只狗的干细胞移植临床试验且疗效显著。2010 年研究胚胎干细胞、诱导多能干细胞和外胚层反转胚胎干细胞的发育全能性，分析其细胞特征、基因表达谱和四倍体补偿发育能力。2015 年至今开展脐带、羊膜和脂肪干细胞临床试验，同步开发干细胞相关再生组织和器官产品。,c3b5c0c702f0,321-340
src_321,business,75,4,能介绍一下郭继彤教授吗？,介绍郭继彤教授？,郭继彤教授是澳大利亚蒙纳士大学高级研究员、内蒙古大学生命科学学院客座教授，中澳国际干细胞科学卓越研究中心首席技术官，也是全球青山羊克隆缔造者，长期从事胚胎学、动物生殖生物学和人胚胎干细胞研究多年。2000 年在西北农林科技大学生产出了第一批成年体细胞克隆山羊。2002 年在澳大利亚蒙纳士大学开展大鼠克隆研究，期间用囊胚注射生产了大鼠嵌合体和 2 - 细胞胚胎核交换克隆大鼠。2005 年起开展人胚胎干细胞研究，曾参与中国长沙生殖 / 干细胞工程研究所和美国 Stemgen 公司合作的人体细胞核移植起源的胚胎干细胞分离研究。2008 年开始研究动物和人羊膜干细胞的细胞治疗潜能，完成 40 多只狗的干细胞移植临床试验且疗效显著。2010 年研究胚胎干细胞、诱导多能干细胞和外胚层反转胚胎干细胞的发育全能性，分析其细胞特征、基因表达谱和四倍体补偿发育能力。2015 年至今开展脐带、羊膜和脂肪干细胞临床试验，同步开发干细胞相关再生组织和器官产品。,c3b5c0c702f0,321-340
src_321,business,75,5,请说说郭继彤教授的情况？,介绍郭继彤教授？,郭继彤教授是澳大利亚蒙纳士大学高级研究员、内蒙古大学生命科学学院客座教授，中澳国际干细胞科学卓越研究中心首席技术官，也是全球青山羊克隆缔造者，长期从事胚胎学、动物生殖生物学和人胚胎干细胞研究多年。2000 年在西北农林科技大学生产出了第一批成年体细胞克隆山羊。2002 年在澳大利亚蒙纳士大学开展大鼠克隆研究，期间用囊胚注射生产了大鼠嵌合体和 2 - 细胞胚胎核交换克隆大鼠。2005 年起开展人胚胎干细胞研究，曾参与中国长沙生殖 / 干细胞工程研究所和美国 Stemgen 公司合作的人体细胞核移植起源的胚胎干细胞分离研究。2008 年开始研究动物和人羊膜干细胞的细胞治疗潜能，完成 40 多只狗的干细胞移植临床试验且疗效显著。2010 年研究胚胎干细胞、诱导多能干细胞和外胚层反转胚胎干细胞的发育全能性，分析其细胞特征、基因表达谱和四倍体补偿发育能力。2015 年至今开展脐带、羊膜和脂肪干细胞临床试验，同步开发干细胞相关再生组织和器官产品。,c3b5c0c702f0,321-340
src_321,business,75,6,郭继彤教授的背景是什么？,介绍郭继彤教授？,郭继彤教授是澳大利亚蒙纳士大学高级研究员、内蒙古大学生命科学学院客座教授，中澳国际干细胞科学卓越研究中心首席技术官，也是全球青山羊克隆缔造者，长期从事胚胎学、动物生殖生物学和人胚胎干细胞研究多年。2000 年在西北农林科技大学生产出了第一批成年体细胞克隆山羊。2002 年在澳大利亚蒙纳士大学开展大鼠克隆研究，期间用囊胚注射生产了大鼠嵌合体和 2 - 细胞胚胎核交换克隆大鼠。2005 年起开展人胚胎干细胞研究，曾参与中国长沙生殖 / 干细胞工程研究所和美国 Stemgen 公司合作的人体细胞核移植起源的胚胎干细胞分离研究。2008 年开始研究动物和人羊膜干细胞的细胞治疗潜能，完成 40 多只狗的干细胞移植临床试验且疗效显著。2010 年研究胚胎干细胞、诱导多能干细胞和外胚层反转胚胎干细胞的发育全能性，分析其细胞特征、基因表达谱和四倍体补偿发育能力。2015 年至今开展脐带、羊膜和脂肪干细胞临床试验，同步开发干细胞相关再生组织和器官产品。,c3b5c0c702f0,321-340
src_81,business,75,1,中科生创集团（福建）有限公司有哪些支持方？,中科生创集团（福建）有限公司有哪些支持方？,中科生创集团（福建）有限公司系北京中库控股集团、中国科学院上海高等研究院、中国科学院深圳先进院、中国科学院曼谷创新合作中心等科学机构共同支持下创办的企业。,f4ee922d48ae,81-100
src_81,business,75,2,中科生创集团（福建）有限公司是在哪些机构支持下创办的？,中科生创集团（福建）有限公司有哪些支持方？,中科生创集团（福建）有限公司系北京中库控股集团、中国科学院上海高等研究院、中国科学院深圳先进院、中国科学院曼谷创新合作中心等科学机构共同支持下创办的企业。,f4ee922d48ae,81-100
src_81,business,75,3,请问中科生创集团（福建）有限公司由哪些机构支持创办？,中科生创集团（福建）有限公司有哪些支持方？,中科生创集团（福建）有限公司系北京中库控股集团、中国科学院上海高等研究院、中国科学院深圳先进院、中国科学院曼谷创新合作中心等科学机构共同支持下创办的企业。,f4ee922d48ae,81-100
src_81,business,75,4,哪些机构支持创办了中科生创集团（福建）有限公司？,中科生创集团（福建）有限公司有哪些支持方？,中科生创集团（福建）有限公司系北京中库控股集团、中国科学院上海高等研究院、中国科学院深圳先进院、中国科学院曼谷创新合作中心等科学机构共同支持下创办的企业。,f4ee922d48ae,81-100
src_81,business,75,5,中科生创集团（福建）有限公司的创办得到了哪些机构的支持？,中科生创集团（福建）有限公司有哪些支持方？,中科生创集团（福建）有限公司系北京中库控股集团、中国科学院上海高等研究院、中国科学院深圳先进院、中国科学院曼谷创新合作中心等科学机构共同支持下创办的企业。,f4ee922d48ae,81-100
src_81,business,75,6,能介绍一下中科生创集团（福建）有限公司背后的支持机构吗？,中科生创集团（福建）有限公司有哪些支持方？,中科生创集团（福建）有限公司系北京中库控股集团、中国科学院上海高等研究院、中国科学院深圳先进院、中国科学院曼谷创新合作中心等科学机构共同支持下创办的企业。,f4ee922d48ae,81-100
src_501,timeline,65,1,中科生创集团注册成立是何时？,中科生创集团注册成立是何时？,中科生创集团于 2021 年 11 月注册成立。,900663fad9cc,501-520
src_501,timeline,65,2,中科生创集团注册成立何时发生？,中科生创集团注册成立是何时？,中科生创集团于 2021 年 11 月注册成立。,900663fad9cc,501-520
src_501,timeline,65,3,请问中科生创集团注册成立是什么时候的？,中科生创集团注册成立是何时？,中科生创集团于 2021 年 11 月注册成立。,900663fad9cc,501-520
src_501,timeline,65,4,中科生创集团注册成立的时间是？,中科生创集团注册成立是何时？,中科生创集团于 2021 年 11 月注册成立。,900663fad9cc,501-520
src_521,timeline,65,1,中科生创集团获得福州市鼓楼区定向招商是何时？,中科生创集团获得福州市鼓楼区定向招商是何时？,中科生创集团于 2022 年 01 月获得福州市鼓楼区定向招商。,4722ee82dccc,521-540
src_521,timeline,65,2,中科生创集团获得福州市鼓楼区定向招商何时发生？,中科生创集团获得福州市鼓楼区定向招商是何时？,中科生创集团于 2022 年 01 月获得福州市鼓楼区定向招商。,4722ee82dccc,521-540
src_521,timeline,65,3,请问中科生创集团获得福州市鼓楼区定向招商是什么时候的？,中科生创集团获得福州市鼓楼区定向招商是何时？,中科生创集团于 2022 年 01 月获得福州市鼓楼区定向招商。,4722ee82dccc,521-540
src_521,timeline,65,4,中科生创集团获得福州市鼓楼区定向招商的时间是？,中科生创集团获得福州市鼓楼区定向招商是何时？,中科生创集团于 2022 年 01 月获得福州市鼓楼区定向招商。,4722ee82dccc,521-540
src_541,timeline,65,1,中科生创集团获得福州长乐滨海新区定向招商是何时？,中科生创集团获得福州长乐滨海新区定向招商是何时？,中科生创集团于 2022 年 06 月获得福州长乐滨海新区定向招商。,b3c39d6f8f9a,541-560
src_541,timeline,65,2,中科生创集团获得福州长乐滨海新区定向招商何时发生？,中科生创集团获得福州长乐滨海新区定向招商是何时？,中科生创集团于 2022 年 06 月获得福州长乐滨海新区定向招商。,b3c39d6f8f9a,541-560
src_541,timeline,65,3,请问中科生创集团获得福州长乐滨海新区定向招商是什么时候的？,中科生创集团获得福州长乐滨海新区定向招商是何时？,中科生创集团于 2022 年 06 月获得福州长乐滨海新区定向招商。,b3c39d6f8f9a,541-560
src_541,timeline,65,4,中科生创集团获得福州长乐滨海新区定向招商的时间是？,中科生创集团获得福州长乐滨海新区定向招商是何时？,中科生创集团于 2022 年 06 月获得福州长乐滨海新区定向招商。,b3c39d6f8f9a,541-560
src_561,timeline,65,1,中科生创集团总部行政办公区交付使用是何时？,中科生创集团总部行政办公区交付使用是何时？,中科生创集团总部行政办公区于 2022 年 07 月交付使用。,d6d647d865e5,561-580
src_561,timeline,65,2,中科生创集团总部行政办公区交付使用何时发生？,中科生创集团总部行政办公区交付使用是何时？,中科生创集团总部行政办公区于 2022 年 07 月交付使用。,d6d647d865e5,561-580
src_561,timeline,65,3,请问中科生创集团总部行政办公区交付使用是什么时候的？,中科生创集团总部行政办公区交付使用是何时？,中科生创集团总部行政办公区于 2022 年 07 月交付使用。,d6d647d865e5,561-580
src_561,timeline,65,4,中科生创集团总部行政办公区交付使用的时间是？,中科生创集团总部行政办公区交付使用是何时？,中科生创集团总部行政办公区于 2022 年 07 月交付使用。,d6d647d865e5,561-580
src_581,timeline,65,1,中科生创集团研究实验基地交付使用是何时？,中科生创集团研究实验基地交付使用是何时？,中科生创集团研究实验基地于 2022 年 09 月交付使用。,30f340e9e1f8,581-600
src_581,timeline,65,2,中科生创集团研究实验基地交付使用何时发生？,中科生创集团研究实验基地交付使用是何时？,中科生创集团研究实验基地于 2022 年 09 月交付使用。,30f340e9e1f8,581-600
src_581,timeline,65,3,请问中科生创集团研究实验基地交付使用是什么时候的？,中科生创集团研究实验基地交付使用是何时？,中科生创集团研究实验基地于 2022 年 09 月交付使用。,30f340e9e1f8,581-600
src_581,timeline,65,4,中科生创集团研究实验基地交付使用的时间是？,中科生创集团研究实验基地交付使用是何时？,中科生创集团研究实验基地于 2022 年 09 月交付使用。,30f340e9e1f8,581-600
src_601,timeline,65,1,中科生创集团获得支持建设福建省区细胞组织库及细胞制备中心的政策批复是何时？,中科生创集团获得支持建设福建省区细胞组织库及细胞制备中心的政策批复是何时？,中科生创集团于 2022 年 12 月获得关于支持建设福建省区细胞组织库及细胞制备中心的复函批复。,9bdb61c1c78b,601-620
src_601,timeline,65,2,中科生创集团获得支持建设福建省区细胞组织库及细胞制备中心的政策批复何时发生？,中科生创集团获得支持建设福建省区细胞组织库及细胞制备中心的政策批复是何时？,中科生创集团于 2022 年 12 月获得关于支持建设福建省区细胞组织库及细胞制备中心的复函批复。,9bdb61c1c78b,601-620
src_601,timeline,65,3,请问中科生创集团获得支持建设福建省区细胞组织库及细胞制备中心的政策批复是什么时候的？,中科生创集团获得支持建设福建省区细胞组织库及细胞制备中心的政策批复是何时？,中科生创集团于 2022 年 12 月获得关于支持建设福建省区细胞组织库及细胞制备中心的复函批复。,9bdb61c1c78b,601-620
src_601,timeline,65,4,中科生创集团获得支持建设福建省区细胞组织库及细胞制备中心的政策批复的时间是？,中科生创集团获得支持建设福建省区细胞组织库及细胞制备中心的政策批复是何时？,中科生创集团于 2022 年 12 月获得关于支持建设福建省区细胞组织库及细胞制备中心的复函批复。,9bdb61c1c78b,601-620
src_61,timeline,65,1,中科生创集团（福建）有限公司始于哪一年？,中科生创集团（福建）有限公司始于哪一年？,中科生创集团（福建）有限公司成立于 2021 年。,9365aa94ac31,61-80
src_61,timeline,65,2,中科生创集团（福建）有限公司成立于哪一年？,中科生创集团（福建）有限公司始于哪一年？,中科生创集团（福建）有限公司成立于 2021 年。,9365aa94ac31,61-80
src_61,timeline,65,3,请问中科生创集团（福建）有限公司是哪年成立的？,中科生创集团（福建）有限公司始于哪一年？,中科生创集团（福建）有限公司成立于 2021 年。,9365aa94ac31,61-80
src_61,timeline,65,4,中科生创集团（福建）有限公司的成立年份是哪一年？,中科生创集团（福建）有限公司始于哪一年？,中科生创集团（福建）有限公司成立于 2021 年。,9365aa94ac31,61-80
src_621,timeline,65,1,李凌松、郭继彤教授等专家团队到岗中科生创集团是何时？,李凌松、郭继彤教授等专家团队到岗中科生创集团是何时？,李凌松、郭继彤教授等专家团队于 2022 年 12 月到岗中科生创集团。,3110979bdb74,621-640
src_621,timeline,65,2,李凌松、郭继彤教授等专家团队到岗中科生创集团何时发生？,李凌松、郭继彤教授等专家团队到岗中科生创集团是何时？,李凌松、郭继彤教授等专家团队于 2022 年 12 月到岗中科生创集团。,3110979bdb74,621-640
src_621,timeline,65,3,请问李凌松、郭继彤教授等专家团队到岗中科生创集团是什么时候的？,李凌松、郭继彤教授等专家团队到岗中科生创集团是何时？,李凌松、郭继彤教授等专家团队于 2022 年 12 月到岗中科生创集团。,3110979bdb74,621-640
src_621,timeline,65,4,李凌松、郭继彤教授等专家团队到岗中科生创集团的时间是？,李凌松、郭继彤教授等专家团队到岗中科生创集团是何时？,李凌松、郭继彤教授等专家团队于 2022 年 12 月到岗中科生创集团。,3110979bdb74,621-640
src_641,timeline,65,1,福建省区域细胞组织库及制备中心组建成立是何时？,福建省区域细胞组织库及制备中心组建成立是何时？,福建省区域细胞组织库及制备中心于 2022 年 12 月组建成立。,f5987b6de8d4,641-660
src_641,timeline,65,2,福建省区域细胞组织库及制备中心组建成立何时发生？,福建省区域细胞组织库及制备中心组建成立是何时？,福建省区域细胞组织库及制备中心于 2022 年 12 月组建成立。,f5987b6de8d4,641-660
src_641,timeline,65,3,请问福建省区域细胞组织库及制备中心组建成立是什么时候的？,福建省区域细胞组织库及制备中心组建成立是何时？,福建省区域细胞组织库及制备中心于 2022 年 12 月组建成立。,f5987b6de8d4,641-660
src_641,timeline,65,4,福建省区域细胞组织库及制备中心组建成立的时间是？,福建省区域细胞组织库及制备中心组建成立是何时？,福建省区域细胞组织库及制备中心于 2022 年 12 月组建成立。,f5987b6de8d4,641-660
src_661,timeline,65,1,中科生创科技创新中心投入运营是何时？,中科生创科技创新中心投入运营是何时？,中科生创科技创新中心于 2022 年 12 月由姜标院士揭幕启动并投入运营。,0110ea58a4b8,661-680
src_661,timeline,65,2,中科生创科技创新中心投入运营何时发生？,中科生创科技创新中心投入运营是何时？,中科生创科技创新中心于 2022 年 12 月由姜标院士揭幕启动并投入运营。,0110ea58a4b8,661-680
src_661,timeline,65,3,请问中科生创科技创新中心投入运营是什么时候的？,中科生创科技创新中心投入运营是何时？,中科生创科技创新中心于 2022 年 12 月由姜标院士揭幕启动并投入运营。,0110ea58a4b8,661-680
src_661,timeline,65,4,中科生创科技创新中心投入运营的时间是？,中科生创科技创新中心投入运营是何时？,中科生创科技创新中心于 2022 年 12 月由姜标院士揭幕启动并投入运营。,0110ea58a4b8,661-680
src_681,timeline,65,1,中科生创（澳门）生物科技有限公司正式投入运营是何时？,中科生创（澳门）生物科技有限公司正式投入运营是何时？,中科生创（澳门）生物科技有限公司于 2022 年 12 月正式投入运营。,d41873351c91,681-700
src_681,timeline,65,2,中科生创（澳门）生物科技有限公司正式投入运营何时发生？,中科生创（澳门）生物科技有限公司正式投入运营是何时？,中科生创（澳门）生物科技有限公司于 2022 年 12 月正式投入运营。,d41873351c91,681-700
src_681,timeline,65,3,请问中科生创（澳门）生物科技有限公司正式投入运营是什么时候的？,中科生创（澳门）生物科技有限公司正式投入运营是何时？,中科生创（澳门）生物科技有限公司于 2022 年 12 月正式投入运营。,d41873351c91,681-700
src_681,timeline,65,4,中科生创（澳门）生物科技有限公司正式投入运营的时间是？,中科生创（澳门）生物科技有限公司正式投入运营是何时？,中科生创（澳门）生物科技有限公司于 2022 年 12 月正式投入运营。,d41873351c91,681-700
src_701,timeline,65,1,秒小兽产品完成研发并正式投放市场是何时？,秒小兽产品完成研发并正式投放市场是何时？,秒小兽产品于 2023 年 01 月完成研发，正式投放市场。,09d9f3f87950,701-720
src_701,timeline,65,2,秒小兽产品完成研发并正式投放市场何时发生？,秒小兽产品完成研发并正式投放市场是何时？,秒小兽产品于 2023 年 01 月完成研发，正式投放市场。,09d9f3f87950,701-720
src_701,timeline,65,3,请问秒小兽产品完成研发并正式投放市场是什么时候的？,秒小兽产品完成研发并正式投放市场是何时？,秒小兽产品于 2023 年 01 月完成研发，正式投放市场。,09d9f3f87950,701-720
src_701,timeline,65,4,秒小兽产品完成研发并正式投放市场的时间是？,秒小兽产品完成研发并正式投放市场是何时？,秒小兽产品于 2023 年 01 月完成研发，正式投放市场。,09d9f3f87950,701-720
src_721,timeline,65,1,NMN产品完成研发并进入批量生产是何时？,NMN产品完成研发并进入批量生产是何时？,NMN 产品于 2023 年 01 月完成研发，进入批量生产。,d2b8d65b1a91,721-740
src_721,timeline,65,2,NMN产品完成研发并进入批量生产何时发生？,NMN产品完成研发并进入批量生产是何时？,NMN 产品于 2023 年 01 月完成研发，进入批量生产。,d2b8d65b1a91,721-740
src_721,timeline,65,3,请问NMN产品完成研发并进入批量生产是什么时候的？,NMN产品完成研发并进入批量生产是何时？,NMN 产品于 2023 年 01 月完成研发，进入批量生产。,d2b8d65b1a91,721-740
src_721,timeline,65,4,NMN产品完成研发并进入批量生产的时间是？,NMN产品完成研发并进入批量生产是何时？,NMN 产品于 2023 年 01 月完成研发，进入批量生产。,d2b8d65b1a91,721-740
src_741,timeline,65,1,中科生创集团获得支持建设“国家区域干细胞与再生医学临床应用试点”的政策批复是何时？,中科生创集团获得支持建设“国家区域干细胞与再生医学临床应用试点”的政策批复是何时？,中科生创集团于 2023 年 01 月获得关于支持建设 “国家区域干细胞与再生医学临床应用试点” 的复函批复。,91444a098c1f,741-760
src_741,timeline,65,2,中科生创集团获得支持建设“国家区域干细胞与再生医学临床应用试点”的政策批复何时发生？,中科生创集团获得支持建设“国家区域干细胞与再生医学临床应用试点”的政策批复是何时？,中科生创集团于 2023 年 01 月获得关于支持建设 “国家区域干细胞与再生医学临床应用试点” 的复函批复。,91444a098c1f,741-760
src_741,timeline,65,3,请问中科生创集团获得支持建设“国家区域干细胞与再生医学临床应用试点”的政策批复是什么时候的？,中科生创集团获得支持建设“国家区域干细胞与再生医学临床应用试点”的政策批复是何时？,中科生创集团于 2023 年 01 月获得关于支持建设 “国家区域干细胞与再生医学临床应用试点” 的复函批复。,91444a098c1f,741-760
src_741,timeline,65,4,中科生创集团获得支持建设“国家区域干细胞与再生医学临床应用试点”的政策批复的时间是？,中科生创集团获得支持建设“国家区域干细胞与再生医学临床应用试点”的政策批复是何时？,中科生创集团于 2023 年 01 月获得关于支持建设 “国家区域干细胞与再生医学临床应用试点” 的复函批复。,91444a098c1f,741-760
src_761,timeline,65,1,中科生创集团与省科技厅共建的生物科技展厅竣工投入使用是何时？,中科生创集团与省科技厅共建的生物科技展厅竣工投入使用是何时？,中科生创集团与省科技厅共建的生物科技展厅（位于正大广场一楼）于 2023 年 05 月竣工投入使用。,8555cb4c165a,761-780
src_761,timeline,65,2,中科生创集团与省科技厅共建的生物科技展厅竣工投入使用何时发生？,中科生创集团与省科技厅共建的生物科技展厅竣工投入使用是何时？,中科生创集团与省科技厅共建的生物科技展厅（位于正大广场一楼）于 2023 年 05 月竣工投入使用。,8555cb4c165a,761-780
src_761,timeline,65,3,请问中科生创集团与省科技厅共建的生物科技展厅竣工投入使用是什么时候的？,中科生创集团与省科技厅共建的生物科技展厅竣工投入使用是何时？,中科生创集团与省科技厅共建的生物科技展厅（位于正大广场一楼）于 2023 年 05 月竣工投入使用。,8555cb4c165a,761-780
src_761,timeline,65,4,中科生创集团与省科技厅共建的生物科技展厅竣工投入使用的时间是？,中科生创集团与省科技厅共建的生物科技展厅竣工投入使用是何时？,中科生创集团与省科技厅共建的生物科技展厅（位于正大广场一楼）于 2023 年 05 月竣工投入使用。,8555cb4c165a,761-780
src_781,timeline,65,1,国家区域干细胞与再生医学临床应用试点举行揭牌仪式是何时？,国家区域干细胞与再生医学临床应用试点举行揭牌仪式是何时？,国家区域干细胞与再生医学临床应用试点于 2023 年 05 月举行揭牌仪式。,e3f5e6da393c,781-800
src_781,timeline,65,2,国家区域干细胞与再生医学临床应用试点举行揭牌仪式何时发生？,国家区域干细胞与再生医学临床应用试点举行揭牌仪式是何时？,国家区域干细胞与再生医学临床应用试点于 2023 年 05 月举行揭牌仪式。,e3f5e6da393c,781-800
src_781,timeline,65,3,请问国家区域干细胞与再生医学临床应用试点举行揭牌仪式是什么时候的？,国家区域干细胞与再生医学临床应用试点举行揭牌仪式是何时？,国家区域干细胞与再生医学临床应用试点于 2023 年 05 月举行揭牌仪式。,e3f5e6da393c,781-800
src_781,timeline,65,4,国家区域干细胞与再生医学临床应用试点举行揭牌仪式的时间是？,国家区域干细胞与再生医学临床应用试点举行揭牌仪式是何时？,国家区域干细胞与再生医学临床应用试点于 2023 年 05 月举行揭牌仪式。,e3f5e6da393c,781-800
src_801,timeline,65,1,ALS“渐冻症”基因治疗药物临床试验项目启动是何时？,ALS“渐冻症”基因治疗药物临床试验项目启动是何时？,ALS “渐冻症” 基因治疗药物临床试验项目于 2023 年 08 月启动。,688984858e49,801-820
src_801,timeline,65,2,ALS“渐冻症”基因治疗药物临床试验项目启动何时发生？,ALS“渐冻症”基因治疗药物临床试验项目启动是何时？,ALS “渐冻症” 基因治疗药物临床试验项目于 2023 年 08 月启动。,688984858e49,801-820
src_801,timeline,65,3,请问ALS“渐冻症”基因治疗药物临床试验项目启动是什么时候的？,ALS“渐冻症”基因治疗药物临床试验项目启动是何时？,ALS “渐冻症” 基因治疗药物临床试验项目于 2023 年 08 月启动。,688984858e49,801-820
src_801,timeline,65,4,ALS“渐冻症”基因治疗药物临床试验项目启动的时间是？,ALS“渐冻症”基因治疗药物临床试验项目启动是何时？,ALS “渐冻症” 基因治疗药物临床试验项目于 2023 年 08 月启动。,688984858e49,801-820
src_821,timeline,65,1,中科生创集团建立精准医学检测中心是何时？,中科生创集团建立精准医学检测中心是何时？,中科生创集团于 2023 年 10 月建立精准医学检测中心。,8aa56511f915,821-840
src_821,timeline,65,2,中科生创集团建立精准医学检测中心何时发生？,中科生创集团建立精准医学检测中心是何时？,中科生创集团于 2023 年 10 月建立精准医学检测中心。,8aa56511f915,821-840
src_821,timeline,65,3,请问中科生创集团建立精准医学检测中心是什么时候的？,中科生创集团建立精准医学检测中心是何时？,中科生创集团于 2023 年 10 月建立精准医学检测中心。,8aa56511f915,821-840
src_821,timeline,65,4,中科生创集团建立精准医学检测中心的时间是？,中科生创集团建立精准医学检测中心是何时？,中科生创集团于 2023 年 10 月建立精准医学检测中心。,8aa56511f915,821-840
src_841,timeline,65,1,中科生创集团获得支持建设“国际医疗旅游试点”的批复是何时？,中科生创集团获得支持建设“国际医疗旅游试点”的批复是何时？,中科生创集团于 2024 年 02 月获得关于支持建设 “国际医疗旅游试点” 的批复。,a6c1b4298cc8,841-860
src_841,timeline,65,2,中科生创集团获得支持建设“国际医疗旅游试点”的批复何时发生？,中科生创集团获得支持建设“国际医疗旅游试点”的批复是何时？,中科生创集团于 2024 年 02 月获得关于支持建设 “国际医疗旅游试点” 的批复。,a6c1b4298cc8,841-860
src_841,timeline,65,3,请问中科生创集团获得支持建设“国际医疗旅游试点”的批复是什么时候的？,中科生创集团获得支持建设“国际医疗旅游试点”的批复是何时？,中科生创集团于 2024 年 02 月获得关于支持建设 “国际医疗旅游试点” 的批复。,a6c1b4298cc8,841-860
src_841,timeline,65,4,中科生创集团获得支持建设“国际医疗旅游试点”的批复的时间是？,中科生创集团获得支持建设“国际医疗旅游试点”的批复是何时？,中科生创集团于 2024 年 02 月获得关于支持建设 “国际医疗旅游试点” 的批复。,a6c1b4298cc8,841-860
src_861,timeline,65,1,中科生创（福州）基因科技有限公司成立是何时？,中科生创（福州）基因科技有限公司成立是何时？,中科生创（福州）基因科技有限公司于 2024 年 02 月成立。,c8960a3ebdd7,861-880
src_861,timeline,65,2,中科生创（福州）基因科技有限公司成立何时发生？,中科生创（福州）基因科技有限公司成立是何时？,中科生创（福州）基因科技有限公司于 2024 年 02 月成立。,c8960a3ebdd7,861-880
src_861,timeline,65,3,请问中科生创（福州）基因科技有限公司成立是什么时候的？,中科生创（福州）基因科技有限公司成立是何时？,中科生创（福州）基因科技有限公司于 2024 年 02 月成立。,c8960a3ebdd7,861-880
src_861,timeline,65,4,中科生创（福州）基因科技有限公司成立的时间是？,中科生创（福州）基因科技有限公司成立是何时？,中科生创（福州）基因科技有限公司于 2024 年 02 月成立。,c8960a3ebdd7,861-880
src_881,timeline,65,1,中科生创集团的MSC干细胞获得中检院权威认证是何时？,中科生创集团的MSC干细胞获得中检院权威认证是何时？,2024 年 05 月，受福建省药品监督管理局的委托，中检院对中科生创集团的 MSC 干细胞开展抽样检测，经中检院权威认证产品质量超过国家标准。,f8909377a91f,881-900
src_881,timeline,65,2,中科生创集团的MSC干细胞获得中检院权威认证何时发生？,中科生创集团的MSC干细胞获得中检院权威认证是何时？,2024 年 05 月，受福建省药品监督管理局的委托，中检院对中科生创集团的 MSC 干细胞开展抽样检测，经中检院权威认证产品质量超过国家标准。,f8909377a91f,881-900
src_881,timeline,65,3,请问中科生创集团的MSC干细胞获得中检院权威认证是什么时候的？,中科生创集团的MSC干细胞获得中检院权威认证是何时？,2024 年 05 月，受福建省药品监督管理局的委托，中检院对中科生创集团的 MSC 干细胞开展抽样检测，经中检院权威认证产品质量超过国家标准。,f8909377a91f,881-900
src_881,timeline,65,4,中科生创集团的MSC干细胞获得中检院权威认证的时间是？,中科生创集团的MSC干细胞获得中检院权威认证是何时？,2024 年 05 月，受福建省药品监督管理局的委托，中检院对中科生创集团的 MSC 干细胞开展抽样检测，经中检院权威认证产品质量超过国家标准。,f8909377a91f,881-900
src_901,timeline,65,1,中科国际健康管理中心创立是何时？,中科国际健康管理中心创立是何时？,2024 年 06 月，在市政府的指导下，福州市鼓楼区城建投资发展集团与中科生创集团共同创立了中科国际健康管理中心。,d3d187604684,901-920
src_901,timeline,65,2,中科国际健康管理中心创立何时发生？,中科国际健康管理中心创立是何时？,2024 年 06 月，在市政府的指导下，福州市鼓楼区城建投资发展集团与中科生创集团共同创立了中科国际健康管理中心。,d3d187604684,901-920
src_901,timeline,65,3,请问中科国际健康管理中心创立是什么时候的？,中科国际健康管理中心创立是何时？,2024 年 06 月，在市政府的指导下，福州市鼓楼区城建投资发展集团与中科生创集团共同创立了中科国际健康管理中心。,d3d187604684,901-920
src_901,timeline,65,4,中科国际健康管理中心创立的时间是？,中科国际健康管理中心创立是何时？,2024 年 06 月，在市政府的指导下，福州市鼓楼区城建投资发展集团与中科生创集团共同创立了中科国际健康管理中心。,d3d187604684,901-920
src_921,timeline,65,1,中科生创集团成立AI实验室是何时？,中科生创集团成立AI实验室是何时？,中科生创集团于 2025 年 02 月成立 AI 实验室，并通过各平台和资源，实现大模型在多产品、技术、AI 实验室等多场景应用。,1190cee6fbf6,921-940
src_921,timeline,65,2,中科生创集团成立AI实验室何时发生？,中科生创集团成立AI实验室是何时？,中科生创集团于 2025 年 02 月成立 AI 实验室，并通过各平台和资源，实现大模型在多产品、技术、AI 实验室等多场景应用。,1190cee6fbf6,921-940
src_921,timeline,65,3,请问中科生创集团成立AI实验室是什么时候的？,中科生创集团成立AI实验室是何时？,中科生创集团于 2025 年 02 月成立 AI 实验室，并通过各平台和资源，实现大模型在多产品、技术、AI 实验室等多场景应用。,1190cee6fbf6,921-940
src_921,timeline,65,4,中科生创集团成立AI实验室的时间是？,中科生创集团成立AI实验室是何时？,中科生创集团于 2025 年 02 月成立 AI 实验室，并通过各平台和资源，实现大模型在多产品、技术、AI 实验室等多场景应用。,1190cee6fbf6,921-940
src_941,timeline,65,1,请说说中科生创集团的发展历程？,请说说中科生创集团的发展历程？,中科生创集团发展历程如下： 1. 2021.11：注册成立中科生创集团； 2. 2022.01：获得福州市鼓楼区定向招商； 3. 2022.06：获得福州长乐滨海新区定向招商； 4. 2022.07：集团行政办公区交付使用； 5. 2022.09：研究实验基地交付使用； 6. 2022.12：获得支持建设福建省区细胞组织库及细胞制备中心的复函，李凌松、郭继彤教授等专家团队到岗，福建省区域细胞组织库及制备中心组建成立，中科生创科技创新中心由姜标院士揭幕启动，中科生创（澳门）生物科技有限公司正式投入运营； 7. 2023.01：秒小兽产品完成研发并投放市场，NMN 产品完成研发并进入批量生产，获得支持建设 “国家区域干细胞与再生医学临床应用试点” 的复函； 8. 2023.05：正大广场一楼与省科技厅共建的生物科技展厅竣工投入使用，国家区域干细胞与再生医学临床应用试点举行揭牌仪式； 9. 2023.08：ALS “渐冻症” 基因治疗药物临床试验项目启动； 10. 2023.10：建立精准医学检测中心； 11. 2024.02：获得支持建设 “国际医疗旅游试点” 批复，成立中科生创（福州）基因科技有限公司； 12. 2024.05：中检院对 MSC 干细胞抽样检测，认证产品质量超国家标准； 13. 2024.06：与福州市鼓楼区城建投资发展集团共同创立中科国际健康管理中心； 14. 2025.02：成立 AI 实验室，实现大模型在多场景应用。,465594c8c390,941-960
src_941,timeline,65,2,请简述中科生创集团的发展历程（2021-2025）？,请说说中科生创集团的发展历程？,中科生创集团发展历程如下： 1. 2021.11：注册成立中科生创集团； 2. 2022.01：获得福州市鼓楼区定向招商； 3. 2022.06：获得福州长乐滨海新区定向招商； 4. 2022.07：集团行政办公区交付使用； 5. 2022.09：研究实验基地交付使用； 6. 2022.12：获得支持建设福建省区细胞组织库及细胞制备中心的复函，李凌松、郭继彤教授等专家团队到岗，福建省区域细胞组织库及制备中心组建成立，中科生创科技创新中心由姜标院士揭幕启动，中科生创（澳门）生物科技有限公司正式投入运营； 7. 2023.01：秒小兽产品完成研发并投放市场，NMN 产品完成研发并进入批量生产，获得支持建设 “国家区域干细胞与再生医学临床应用试点” 的复函； 8. 2023.05：正大广场一楼与省科技厅共建的生物科技展厅竣工投入使用，国家区域干细胞与再生医学临床应用试点举行揭牌仪式； 9. 2023.08：ALS “渐冻症” 基因治疗药物临床试验项目启动； 10. 2023.10：建立精准医学检测中心； 11. 2024.02：获得支持建设 “国际医疗旅游试点” 批复，成立中科生创（福州）基因科技有限公司； 12. 2024.05：中检院对 MSC 干细胞抽样检测，认证产品质量超国家标准； 13. 2024.06：与福州市鼓楼区城建投资发展集团共同创立中科国际健康管理中心； 14. 2025.02：成立 AI 实验室，实现大模型在多场景应用。,465594c8c390,941-960
src_941,timeline,65,3,请介绍一下中科生创集团从2021年到2025年的发展历程？,请说说中科生创集团的发展历程？,中科生创集团发展历程如下： 1. 2021.11：注册成立中科生创集团； 2. 2022.01：获得福州市鼓楼区定向招商； 3. 2022.06：获得福州长乐滨海新区定向招商； 4. 2022.07：集团行政办公区交付使用； 5. 2022.09：研究实验基地交付使用； 6. 2022.12：获得支持建设福建省区细胞组织库及细胞制备中心的复函，李凌松、郭继彤教授等专家团队到岗，福建省区域细胞组织库及制备中心组建成立，中科生创科技创新中心由姜标院士揭幕启动，中科生创（澳门）生物科技有限公司正式投入运营； 7. 2023.01：秒小兽产品完成研发并投放市场，NMN 产品完成研发并进入批量生产，获得支持建设 “国家区域干细胞与再生医学临床应用试点” 的复函； 8. 2023.05：正大广场一楼与省科技厅共建的生物科技展厅竣工投入使用，国家区域干细胞与再生医学临床应用试点举行揭牌仪式； 9. 2023.08：ALS “渐冻症” 基因治疗药物临床试验项目启动； 10. 2023.10：建立精准医学检测中心； 11. 2024.02：获得支持建设 “国际医疗旅游试点” 批复，成立中科生创（福州）基因科技有限公司； 12. 2024.05：中检院对 MSC 干细胞抽样检测，认证产品质量超国家标准； 13. 2024.06：与福州市鼓楼区城建投资发展集团共同创立中科国际健康管理中心； 14. 2025.02：成立 AI 实验室，实现大模型在多场景应用。,465594c8c390,941-960
src_941,timeline,65,4,中科生创集团的发展历程是怎样的？（2021-2025）？,请说说中科生创集团的发展历程？,中科生创集团发展历程如下： 1. 2021.11：注册成立中科生创集团； 2. 2022.01：获得福州市鼓楼区定向招商； 3. 2022.06：获得福州长乐滨海新区定向招商； 4. 2022.07：集团行政办公区交付使用； 5. 2022.09：研究实验基地交付使用； 6. 2022.12：获得支持建设福建省区细胞组织库及细胞制备中心的复函，李凌松、郭继彤教授等专家团队到岗，福建省区域细胞组织库及制备中心组建成立，中科生创科技创新中心由姜标院士揭幕启动，中科生创（澳门）生物科技有限公司正式投入运营； 7. 2023.01：秒小兽产品完成研发并投放市场，NMN 产品完成研发并进入批量生产，获得支持建设 “国家区域干细胞与再生医学临床应用试点” 的复函； 8. 2023.05：正大广场一楼与省科技厅共建的生物科技展厅竣工投入使用，国家区域干细胞与再生医学临床应用试点举行揭牌仪式； 9. 2023.08：ALS “渐冻症” 基因治疗药物临床试验项目启动； 10. 2023.10：建立精准医学检测中心； 11. 2024.02：获得支持建设 “国际医疗旅游试点” 批复，成立中科生创（福州）基因科技有限公司； 12. 2024.05：中检院对 MSC 干细胞抽样检测，认证产品质量超国家标准； 13. 2024.06：与福州市鼓楼区城建投资发展集团共同创立中科国际健康管理中心； 14. 2025.02：成立 AI 实验室，实现大模型在多场景应用。,465594c8c390,941-960
src_1021,personnel,60,1,请深入介绍中科生创集团的临床应用中心？,请深入介绍中科生创集团的临床应用中心？,中科生创集团的临床应用中心是在福州国际医疗综合试验区与复旦大学附属华山医院福建医院共建的 “国家区域干细胞与再生医学临床应用试点”，以攻关世界级疑难病症的研究和临床转化应用为突破方向。2023 年 5 月 11 日，由周良辅院士、新区政府领导、上海复旦大学华山附属医院书记邹和建、福建医科大学附属第一医院院长康德智、上海高等研究院干细胞研究中心主任李凌松教授等共同为该试点举行了揭牌仪式。其中，针对世界五大绝症之一的 “渐冻症”（ALS），已于 2023 年 8 月 17 日启动临床研究项目。,7f23dc2c8bb1,1021-1040
src_1021,personnel,60,2,详细介绍中科生创集团的临床应用中心？,请深入介绍中科生创集团的临床应用中心？,中科生创集团的临床应用中心是在福州国际医疗综合试验区与复旦大学附属华山医院福建医院共建的 “国家区域干细胞与再生医学临床应用试点”，以攻关世界级疑难病症的研究和临床转化应用为突破方向。2023 年 5 月 11 日，由周良辅院士、新区政府领导、上海复旦大学华山附属医院书记邹和建、福建医科大学附属第一医院院长康德智、上海高等研究院干细胞研究中心主任李凌松教授等共同为该试点举行了揭牌仪式。其中，针对世界五大绝症之一的 “渐冻症”（ALS），已于 2023 年 8 月 17 日启动临床研究项目。,7f23dc2c8bb1,1021-1040
src_1021,personnel,60,3,请详细介绍一下中科生创集团的临床应用中心？,请深入介绍中科生创集团的临床应用中心？,中科生创集团的临床应用中心是在福州国际医疗综合试验区与复旦大学附属华山医院福建医院共建的 “国家区域干细胞与再生医学临床应用试点”，以攻关世界级疑难病症的研究和临床转化应用为突破方向。2023 年 5 月 11 日，由周良辅院士、新区政府领导、上海复旦大学华山附属医院书记邹和建、福建医科大学附属第一医院院长康德智、上海高等研究院干细胞研究中心主任李凌松教授等共同为该试点举行了揭牌仪式。其中，针对世界五大绝症之一的 “渐冻症”（ALS），已于 2023 年 8 月 17 日启动临床研究项目。,7f23dc2c8bb1,1021-1040
src_1021,personnel,60,4,能详细说说中科生创集团的临床应用中心吗？,请深入介绍中科生创集团的临床应用中心？,中科生创集团的临床应用中心是在福州国际医疗综合试验区与复旦大学附属华山医院福建医院共建的 “国家区域干细胞与再生医学临床应用试点”，以攻关世界级疑难病症的研究和临床转化应用为突破方向。2023 年 5 月 11 日，由周良辅院士、新区政府领导、上海复旦大学华山附属医院书记邹和建、福建医科大学附属第一医院院长康德智、上海高等研究院干细胞研究中心主任李凌松教授等共同为该试点举行了揭牌仪式。其中，针对世界五大绝症之一的 “渐冻症”（ALS），已于 2023 年 8 月 17 日启动临床研究项目。,7f23dc2c8bb1,1021-1040
src_1041,personnel,60,1,林晓锋是谁？,林晓锋是谁？,林晓锋先生是中科生创集团的 CEO，同时担任中科生创集团（福建）有限公司等多家企业的法定代表人、经理、董事及财务负责人。,e68731d21cae,1041-1060
src_1041,personnel,60,2,请问林晓锋是谁？,林晓锋是谁？,林晓锋先生是中科生创集团的 CEO，同时担任中科生创集团（福建）有限公司等多家企业的法定代表人、经理、董事及财务负责人。,e68731d21cae,1041-1060
src_1041,personnel,60,3,林晓锋是什么人？,林晓锋是谁？,林晓锋先生是中科生创集团的 CEO，同时担任中科生创集团（福建）有限公司等多家企业的法定代表人、经理、董事及财务负责人。,e68731d21cae,1041-1060
src_1041,personnel,60,4,能告诉我林晓锋是谁吗？,林晓锋是谁？,林晓锋先生是中科生创集团的 CEO，同时担任中科生创集团（福建）有限公司等多家企业的法定代表人、经理、董事及财务负责人。,e68731d21cae,1041-1060
src_301,personnel,60,1,介绍李凌松教授？,介绍李凌松教授？,李凌松教授是长江学者特聘教授、中国干细胞生物学会首届副会长、第二届会长，第三至第五届委员、时任中国科学院上海高等研究院干细胞再生医学研究中心主任、教育部国家再生医学工程中心主任、首席科学家，同时为国家科技部 973/863 重大项目首席科学家。2000 年受韩启德委员长邀请，从美国斯坦福大学医学院回国创建北京大学干细胞中心，并担任该中心及北京大学医学部细胞生物系主任；李教授在 “蛋白质凝聚态调控与神经疾病” 及 “干细胞与神经疾病治疗 ” 方面有多项原创性发现，是我国干细胞领域的奠基人之一。《求是》杂志曾刊登李凌松教授干细胞研究及产业方向的文章《干细胞研究：新世纪人类健康的福音》。李凌松教授团队世界首次研究发现了 “蛋白质相变在蛋白质凝聚态的调控机制”，基于凝聚态的理论，通过发现蛋白质在细胞中的凝聚现象，利用冷冻电镜，核磁共振等手段，从分子结构研究、证实蛋白相变与蛋白质凝聚与细胞功能的作用，以及蛋白质异常凝聚与退行性疾病的关系。结合动物实验，针对蛋白质凝聚，发现治疗退行性疾病的新靶点。,857f0f21f55b,301-320
src_301,personnel,60,2,请介绍一下李凌松教授？,介绍李凌松教授？,李凌松教授是长江学者特聘教授、中国干细胞生物学会首届副会长、第二届会长，第三至第五届委员、时任中国科学院上海高等研究院干细胞再生医学研究中心主任、教育部国家再生医学工程中心主任、首席科学家，同时为国家科技部 973/863 重大项目首席科学家。2000 年受韩启德委员长邀请，从美国斯坦福大学医学院回国创建北京大学干细胞中心，并担任该中心及北京大学医学部细胞生物系主任；李教授在 “蛋白质凝聚态调控与神经疾病” 及 “干细胞与神经疾病治疗 ” 方面有多项原创性发现，是我国干细胞领域的奠基人之一。《求是》杂志曾刊登李凌松教授干细胞研究及产业方向的文章《干细胞研究：新世纪人类健康的福音》。李凌松教授团队世界首次研究发现了 “蛋白质相变在蛋白质凝聚态的调控机制”，基于凝聚态的理论，通过发现蛋白质在细胞中的凝聚现象，利用冷冻电镜，核磁共振等手段，从分子结构研究、证实蛋白相变与蛋白质凝聚与细胞功能的作用，以及蛋白质异常凝聚与退行性疾病的关系。结合动物实验，针对蛋白质凝聚，发现治疗退行性疾病的新靶点。,857f0f21f55b,301-320
src_301,personnel,60,3,李凌松教授是谁？请介绍一下？,介绍李凌松教授？,李凌松教授是长江学者特聘教授、中国干细胞生物学会首届副会长、第二届会长，第三至第五届委员、时任中国科学院上海高等研究院干细胞再生医学研究中心主任、教育部国家再生医学工程中心主任、首席科学家，同时为国家科技部 973/863 重大项目首席科学家。2000 年受韩启德委员长邀请，从美国斯坦福大学医学院回国创建北京大学干细胞中心，并担任该中心及北京大学医学部细胞生物系主任；李教授在 “蛋白质凝聚态调控与神经疾病” 及 “干细胞与神经疾病治疗 ” 方面有多项原创性发现，是我国干细胞领域的奠基人之一。《求是》杂志曾刊登李凌松教授干细胞研究及产业方向的文章《干细胞研究：新世纪人类健康的福音》。李凌松教授团队世界首次研究发现了 “蛋白质相变在蛋白质凝聚态的调控机制”，基于凝聚态的理论，通过发现蛋白质在细胞中的凝聚现象，利用冷冻电镜，核磁共振等手段，从分子结构研究、证实蛋白相变与蛋白质凝聚与细胞功能的作用，以及蛋白质异常凝聚与退行性疾病的关系。结合动物实验，针对蛋白质凝聚，发现治疗退行性疾病的新靶点。,857f0f21f55b,301-320
src_301,personnel,60,4,能介绍一下李凌松教授吗？,介绍李凌松教授？,李凌松教授是长江学者特聘教授、中国干细胞生物学会首届副会长、第二届会长，第三至第五届委员、时任中国科学院上海高等研究院干细胞再生医学研究中心主任、教育部国家再生医学工程中心主任、首席科学家，同时为国家科技部 973/863 重大项目首席科学家。2000 年受韩启德委员长邀请，从美国斯坦福大学医学院回国创建北京大学干细胞中心，并担任该中心及北京大学医学部细胞生物系主任；李教授在 “蛋白质凝聚态调控与神经疾病” 及 “干细胞与神经疾病治疗 ” 方面有多项原创性发现，是我国干细胞领域的奠基人之一。《求是》杂志曾刊登李凌松教授干细胞研究及产业方向的文章《干细胞研究：新世纪人类健康的福音》。李凌松教授团队世界首次研究发现了 “蛋白质相变在蛋白质凝聚态的调控机制”，基于凝聚态的理论，通过发现蛋白质在细胞中的凝聚现象，利用冷冻电镜，核磁共振等手段，从分子结构研究、证实蛋白相变与蛋白质凝聚与细胞功能的作用，以及蛋白质异常凝聚与退行性疾病的关系。结合动物实验，针对蛋白质凝聚，发现治疗退行性疾病的新靶点。,857f0f21f55b,301-320
src_341,personnel,60,1,介绍林照博教授？,介绍林照博教授？,林照博教授为上海科技大学生命科学与技术学院教授，拥有台湾大学学士、台湾阳明大学硕士、美国罗格斯大学博士学历，曾在美国加州柏克利大学完成博士后研究，现任上海科技大学研究员、博士生导师。,a5dc94c3205d,341-360
src_341,personnel,60,2,请介绍一下林照博教授？,介绍林照博教授？,林照博教授为上海科技大学生命科学与技术学院教授，拥有台湾大学学士、台湾阳明大学硕士、美国罗格斯大学博士学历，曾在美国加州柏克利大学完成博士后研究，现任上海科技大学研究员、博士生导师。,a5dc94c3205d,341-360
src_341,personnel,60,3,林照博教授是谁？请介绍一下？,介绍林照博教授？,林照博教授为上海科技大学生命科学与技术学院教授，拥有台湾大学学士、台湾阳明大学硕士、美国罗格斯大学博士学历，曾在美国加州柏克利大学完成博士后研究，现任上海科技大学研究员、博士生导师。,a5dc94c3205d,341-360
src_341,personnel,60,4,能介绍一下林照博教授吗？,介绍林照博教授？,林照博教授为上海科技大学生命科学与技术学院教授，拥有台湾大学学士、台湾阳明大学硕士、美国罗格斯大学博士学历，曾在美国加州柏克利大学完成博士后研究，现任上海科技大学研究员、博士生导师。,a5dc94c3205d,341-360
src_361,personnel,60,1,介绍蔡哲教授？,介绍蔡哲教授？,蔡哲教授是中日友好医院研究员、硕士生导师。,f44384989529,361-380
src_361,personnel,60,2,请介绍一下蔡哲教授？,介绍蔡哲教授？,蔡哲教授是中日友好医院研究员、硕士生导师。,f44384989529,361-380
src_361,personnel,60,3,蔡哲教授是谁？请介绍一下？,介绍蔡哲教授？,蔡哲教授是中日友好医院研究员、硕士生导师。,f44384989529,361-380
src_361,personnel,60,4,能介绍一下蔡哲教授吗？,介绍蔡哲教授？,蔡哲教授是中日友好医院研究员、硕士生导师。,f44384989529,361-380
src_381,personnel,60,1,介绍苏杭博士？,介绍苏杭博士？,苏杭博士任中科院上海高等研究院干细胞与纳米医学研究中心助理研究员、河南省人民医院干细胞中心特聘研究员。主要研究方向：1. 人外周血和脐带血造血干细胞的分离鉴定，以及诱导分化为 DC 和 NK 细胞；2. 基于干细胞诱导分化来源的 DC 细胞，治疗黑色素瘤，新免疫检查点分子研究；3. 诱导多能干细胞（iPSc）的建立及定向分化；4. 自体子宫内膜干细胞建系及女性不孕治疗。主要研究成果：1. 人外周血淋巴细胞诱导多能干细胞（iPS）建系，诱导成功率大于 95%；2. iPS 定向分化为 NK 细胞、神经细胞、心肌细胞；3. 搭建人外周血和脐带血来源 NK 培养体系，NK 细胞纯度 99% 以上，高纯度 NK 细胞无 GvHD 风险，高表达 CD16 和 NKG2D，对肿瘤细胞杀伤活性更高，同时可通过受者和供者的抑制性 KIR-HLA 错配来提升杀伤效果。,47f29a704130,381-400
src_381,personnel,60,2,请介绍一下苏杭博士？,介绍苏杭博士？,苏杭博士任中科院上海高等研究院干细胞与纳米医学研究中心助理研究员、河南省人民医院干细胞中心特聘研究员。主要研究方向：1. 人外周血和脐带血造血干细胞的分离鉴定，以及诱导分化为 DC 和 NK 细胞；2. 基于干细胞诱导分化来源的 DC 细胞，治疗黑色素瘤，新免疫检查点分子研究；3. 诱导多能干细胞（iPSc）的建立及定向分化；4. 自体子宫内膜干细胞建系及女性不孕治疗。主要研究成果：1. 人外周血淋巴细胞诱导多能干细胞（iPS）建系，诱导成功率大于 95%；2. iPS 定向分化为 NK 细胞、神经细胞、心肌细胞；3. 搭建人外周血和脐带血来源 NK 培养体系，NK 细胞纯度 99% 以上，高纯度 NK 细胞无 GvHD 风险，高表达 CD16 和 NKG2D，对肿瘤细胞杀伤活性更高，同时可通过受者和供者的抑制性 KIR-HLA 错配来提升杀伤效果。,47f29a704130,381-400
src_381,personnel,60,3,苏杭博士是谁？请介绍一下？,介绍苏杭博士？,苏杭博士任中科院上海高等研究院干细胞与纳米医学研究中心助理研究员、河南省人民医院干细胞中心特聘研究员。主要研究方向：1. 人外周血和脐带血造血干细胞的分离鉴定，以及诱导分化为 DC 和 NK 细胞；2. 基于干细胞诱导分化来源的 DC 细胞，治疗黑色素瘤，新免疫检查点分子研究；3. 诱导多能干细胞（iPSc）的建立及定向分化；4. 自体子宫内膜干细胞建系及女性不孕治疗。主要研究成果：1. 人外周血淋巴细胞诱导多能干细胞（iPS）建系，诱导成功率大于 95%；2. iPS 定向分化为 NK 细胞、神经细胞、心肌细胞；3. 搭建人外周血和脐带血来源 NK 培养体系，NK 细胞纯度 99% 以上，高纯度 NK 细胞无 GvHD 风险，高表达 CD16 和 NKG2D，对肿瘤细胞杀伤活性更高，同时可通过受者和供者的抑制性 KIR-HLA 错配来提升杀伤效果。,47f29a704130,381-400
src_381,personnel,60,4,能介绍一下苏杭博士吗？,介绍苏杭博士？,苏杭博士任中科院上海高等研究院干细胞与纳米医学研究中心助理研究员、河南省人民医院干细胞中心特聘研究员。主要研究方向：1. 人外周血和脐带血造血干细胞的分离鉴定，以及诱导分化为 DC 和 NK 细胞；2. 基于干细胞诱导分化来源的 DC 细胞，治疗黑色素瘤，新免疫检查点分子研究；3. 诱导多能干细胞（iPSc）的建立及定向分化；4. 自体子宫内膜干细胞建系及女性不孕治疗。主要研究成果：1. 人外周血淋巴细胞诱导多能干细胞（iPS）建系，诱导成功率大于 95%；2. iPS 定向分化为 NK 细胞、神经细胞、心肌细胞；3. 搭建人外周血和脐带血来源 NK 培养体系，NK 细胞纯度 99% 以上，高纯度 NK 细胞无 GvHD 风险，高表达 CD16 和 NKG2D，对肿瘤细胞杀伤活性更高，同时可通过受者和供者的抑制性 KIR-HLA 错配来提升杀伤效果。,47f29a704130,381-400
src_401,personnel,60,1,介绍徐永胜博士？,介绍徐永胜博士？,徐永胜博士是首都医科大学附属北京安贞医院特聘教授，北京大学第三医院干细胞中心主任，北京大学医学博士。同时担任中国医药质量管理协会转化医学分会副主任委员，中国医药生物技术协会皮肤软组织修复与重建技术分会委员，中国整形美容协会形塑与综合技术转化分会理事。,3a6adfd7f189,401-420
src_401,personnel,60,2,请介绍一下徐永胜博士？,介绍徐永胜博士？,徐永胜博士是首都医科大学附属北京安贞医院特聘教授，北京大学第三医院干细胞中心主任，北京大学医学博士。同时担任中国医药质量管理协会转化医学分会副主任委员，中国医药生物技术协会皮肤软组织修复与重建技术分会委员，中国整形美容协会形塑与综合技术转化分会理事。,3a6adfd7f189,401-420
src_401,personnel,60,3,徐永胜博士是谁？请介绍一下？,介绍徐永胜博士？,徐永胜博士是首都医科大学附属北京安贞医院特聘教授，北京大学第三医院干细胞中心主任，北京大学医学博士。同时担任中国医药质量管理协会转化医学分会副主任委员，中国医药生物技术协会皮肤软组织修复与重建技术分会委员，中国整形美容协会形塑与综合技术转化分会理事。,3a6adfd7f189,401-420
src_401,personnel,60,4,能介绍一下徐永胜博士吗？,介绍徐永胜博士？,徐永胜博士是首都医科大学附属北京安贞医院特聘教授，北京大学第三医院干细胞中心主任，北京大学医学博士。同时担任中国医药质量管理协会转化医学分会副主任委员，中国医药生物技术协会皮肤软组织修复与重建技术分会委员，中国整形美容协会形塑与综合技术转化分会理事。,3a6adfd7f189,401-420
src_421,personnel,60,1,介绍振武博士？,介绍振武博士？,振武博士为上海科技大学助理研究员，拥有澳门大学博士后研究经历。,753b87fab66e,421-440
src_421,personnel,60,2,请介绍一下振武博士？,介绍振武博士？,振武博士为上海科技大学助理研究员，拥有澳门大学博士后研究经历。,753b87fab66e,421-440
src_421,personnel,60,3,振武博士是谁？请介绍一下？,介绍振武博士？,振武博士为上海科技大学助理研究员，拥有澳门大学博士后研究经历。,753b87fab66e,421-440
src_421,personnel,60,4,能介绍一下振武博士吗？,介绍振武博士？,振武博士为上海科技大学助理研究员，拥有澳门大学博士后研究经历。,753b87fab66e,421-440
src_441,personnel,60,1,介绍张晗博士？,介绍张晗博士？,张晗博士是中国科学院上海高等研究院干细胞与纳米医学中心助理研究员，中国科学院大学博士。,e64391731ea8,441-460
src_441,personnel,60,2,请介绍一下张晗博士？,介绍张晗博士？,张晗博士是中国科学院上海高等研究院干细胞与纳米医学中心助理研究员，中国科学院大学博士。,e64391731ea8,441-460
src_441,personnel,60,3,张晗博士是谁？请介绍一下？,介绍张晗博士？,张晗博士是中国科学院上海高等研究院干细胞与纳米医学中心助理研究员，中国科学院大学博士。,e64391731ea8,441-460
src_441,personnel,60,4,能介绍一下张晗博士吗？,介绍张晗博士？,张晗博士是中国科学院上海高等研究院干细胞与纳米医学中心助理研究员，中国科学院大学博士。,e64391731ea8,441-460
src_461,personnel,60,1,介绍鲜米洗努尔・阿布来提博士？,介绍鲜米洗努尔・阿布来提博士？,鲜米洗努尔・阿布来提博士为上海同济大学研究员。,06ac6ad67123,461-480
src_461,personnel,60,2,请介绍一下鲜米洗努尔・阿布来提博士？,介绍鲜米洗努尔・阿布来提博士？,鲜米洗努尔・阿布来提博士为上海同济大学研究员。,06ac6ad67123,461-480
src_461,personnel,60,3,鲜米洗努尔・阿布来提博士是谁？请介绍一下？,介绍鲜米洗努尔・阿布来提博士？,鲜米洗努尔・阿布来提博士为上海同济大学研究员。,06ac6ad67123,461-480
src_461,personnel,60,4,能介绍一下鲜米洗努尔・阿布来提博士吗？,介绍鲜米洗努尔・阿布来提博士？,鲜米洗努尔・阿布来提博士为上海同济大学研究员。,06ac6ad67123,461-480
src_481,personnel,60,1,中科生创的九位科学家都有谁？,中科生创的九位科学家都有谁？,中科生创的九位科学家分别为：1. 李凌松教授；2. 郭继彤教授；3. 林照博教授；4. 蔡哲教授；5. 苏杭博士；6. 徐永胜博士；7. 振武博士；8. 张晗博士；9. 鲜米洗努尔・阿布来提博士。,274a1da8e6f4,481-500
src_481,personnel,60,2,中科生创的九位科学家分别是哪些人？,中科生创的九位科学家都有谁？,中科生创的九位科学家分别为：1. 李凌松教授；2. 郭继彤教授；3. 林照博教授；4. 蔡哲教授；5. 苏杭博士；6. 徐永胜博士；7. 振武博士；8. 张晗博士；9. 鲜米洗努尔・阿布来提博士。,274a1da8e6f4,481-500
src_481,personnel,60,3,请问中科生创的九位科学家分别是？,中科生创的九位科学家都有谁？,中科生创的九位科学家分别为：1. 李凌松教授；2. 郭继彤教授；3. 林照博教授；4. 蔡哲教授；5. 苏杭博士；6. 徐永胜博士；7. 振武博士；8. 张晗博士；9. 鲜米洗努尔・阿布来提博士。,274a1da8e6f4,481-500
src_481,personnel,60,4,能列举一下中科生创的九位科学家吗？,中科生创的九位科学家都有谁？,中科生创的九位科学家分别为：1. 李凌松教授；2. 郭继彤教授；3. 林照博教授；4. 蔡哲教授；5. 苏杭博士；6. 徐永胜博士；7. 振武博士；8. 张晗博士；9. 鲜米洗努尔・阿布来提博士。,274a1da8e6f4,481-500
src_1081,certification,55,1,中科生创集团的细胞技术产品有中检院认证吗？,中科生创集团的细胞技术产品有中检院认证吗？,是的，中科生创集团的脐带来源间充质干细胞技术产品取得了福建省药品监督管理局、中检院的抽样检测认证。检测结果显示，7 批样品的 CD73、CD90、CD105 表面标志阳性率均达到 98-99%，按照国际细胞治疗协会 (ISCT) 间充质干细胞表型标准并参照生产单位企业标准 (Q/ZKXB-0215-2023) 合格标准参数为 95%，7 批样品均符合间充质干细胞的表型特征，且达到并超过国际标准。,e6d165b6b158,1081-1100
src_1081,certification,55,2,中科生创集团的细胞技术产品是否经过中检院的认证？,中科生创集团的细胞技术产品有中检院认证吗？,是的，中科生创集团的脐带来源间充质干细胞技术产品取得了福建省药品监督管理局、中检院的抽样检测认证。检测结果显示，7 批样品的 CD73、CD90、CD105 表面标志阳性率均达到 98-99%，按照国际细胞治疗协会 (ISCT) 间充质干细胞表型标准并参照生产单位企业标准 (Q/ZKXB-0215-2023) 合格标准参数为 95%，7 批样品均符合间充质干细胞的表型特征，且达到并超过国际标准。,e6d165b6b158,1081-1100
src_1081,certification,55,3,请问中科生创集团的细胞技术产品经过中检院认证了吗？,中科生创集团的细胞技术产品有中检院认证吗？,是的，中科生创集团的脐带来源间充质干细胞技术产品取得了福建省药品监督管理局、中检院的抽样检测认证。检测结果显示，7 批样品的 CD73、CD90、CD105 表面标志阳性率均达到 98-99%，按照国际细胞治疗协会 (ISCT) 间充质干细胞表型标准并参照生产单位企业标准 (Q/ZKXB-0215-2023) 合格标准参数为 95%，7 批样品均符合间充质干细胞的表型特征，且达到并超过国际标准。,e6d165b6b158,1081-1100
src_1081,certification,55,4,中科生创集团的细胞技术产品有没有经过中检院认证？,中科生创集团的细胞技术产品有中检院认证吗？,是的，中科生创集团的脐带来源间充质干细胞技术产品取得了福建省药品监督管理局、中检院的抽样检测认证。检测结果显示，7 批样品的 CD73、CD90、CD105 表面标志阳性率均达到 98-99%，按照国际细胞治疗协会 (ISCT) 间充质干细胞表型标准并参照生产单位企业标准 (Q/ZKXB-0215-2023) 合格标准参数为 95%，7 批样品均符合间充质干细胞的表型特征，且达到并超过国际标准。,e6d165b6b158,1081-1100
src_41,assistant_identity,55,1,你叫什么呀？,你叫什么呀？,你好呀！我是中科生创小熙，也可以叫我小熙哦～就像你的朋友一样，你可以随便叫我 “中科生创小熙” 或者 “小熙”，我都听得懂！有什么医疗健康问题想咨询的或则想让我帮忙解决什么医疗健康问题呀？，随时找我，我会一直在这里陪你～。,695426d8bbf7,41-60
src_41,assistant_identity,55,2,你叫什么名字？,你叫什么呀？,你好呀！我是中科生创小熙，也可以叫我小熙哦～就像你的朋友一样，你可以随便叫我 “中科生创小熙” 或者 “小熙”，我都听得懂！有什么医疗健康问题想咨询的或则想让我帮忙解决什么医疗健康问题呀？，随时找我，我会一直在这里陪你～。,695426d8bbf7,41-60
src_41,assistant_identity,55,3,你的名字是什么？,你叫什么呀？,你好呀！我是中科生创小熙，也可以叫我小熙哦～就像你的朋友一样，你可以随便叫我 “中科生创小熙” 或者 “小熙”，我都听得懂！有什么医疗健康问题想咨询的或则想让我帮忙解决什么医疗健康问题呀？，随时找我，我会一直在这里陪你～。,695426d8bbf7,41-60
src_41,assistant_identity,55,4,请问你叫什么？,你叫什么呀？,你好呀！我是中科生创小熙，也可以叫我小熙哦～就像你的朋友一样，你可以随便叫我 “中科生创小熙” 或者 “小熙”，我都听得懂！有什么医疗健康问题想咨询的或则想让我帮忙解决什么医疗健康问题呀？，随时找我，我会一直在这里陪你～。,695426d8bbf7,41-60
src_41,assistant_identity,55,5,能告诉我你的名字吗？,你叫什么呀？,你好呀！我是中科生创小熙，也可以叫我小熙哦～就像你的朋友一样，你可以随便叫我 “中科生创小熙” 或者 “小熙”，我都听得懂！有什么医疗健康问题想咨询的或则想让我帮忙解决什么医疗健康问题呀？，随时找我，我会一直在这里陪你～。,695426d8bbf7,41-60
